Código,destino,origem,distancia,peso
505,SP,SP,160,0.05
597,SP,SP,11,0.05
2704,AL,SP,2384,0.054
2898,AL,SP,2384,0.054
3092,AL,SP,2384,0.054
3230,AL,SP,2384,0.054
2165,SP,MG,590,0.06
2199,CE,MG,2312,0.06
311,SP,DF,1009,0.064
1765,SP,MG,580,0.07
1752,SP,MG,580,0.07
1245,SP,MG,580,0.07
1622,SP,RJ,506,0.07
1316,SP,RJ,412,0.07
2682,SP,PE,2617,0.07
2876,SP,PE,2617,0.07
3070,SP,PE,2617,0.07
3208,SP,PE,2617,0.07
1234,SP,MT,1933,0.07
2428,SP,MT,1318,0.071
1915,SP,MT,1318,0.071
304,SP,MG,727,0.085
2031,RS,RS,105,0.085
553,SP,SP,426,0.094
487,SP,SP,426,0.094
2581,GO,MG,738,0.1
2775,GO,MG,738,0.1
2969,GO,MG,738,0.1
915,SC,SP,691,0.1
884,SC,SP,691,0.1
802,SC,SP,691,0.1
720,SC,SP,691,0.1
184,SC,SP,691,0.1
2044,PR,SP,531,0.1
575,RJ,MG,396,0.1
180,SP,SP,39,0.1
2258,SP,SP,10,0.1
2032,SP,SP,9,0.1
2009,SP,DF,1002,0.1
1625,ES,BA,340,0.12
306,SP,GO,904,0.123
1279,SP,SP,169,0.123
1436,SP,RS,1123,0.13
1321,SP,RS,1123,0.13
1195,SP,RS,1123,0.13
1197,SP,RN,2839,0.14
2005,SP,RJ,731,0.15
2006,SP,RJ,731,0.15
167,SP,CE,3014,0.15
1572,SP,PR,1065,0.15
2042,SP,MG,1010,0.16
1947,SP,RJ,415,0.17
1819,SP,MA,2949,0.17
554,SP,RJ,270,0.175
486,SP,RJ,270,0.175
2164,SP,RS,1368,0.18
818,SP,PE,2177,0.185
736,SP,PE,2177,0.185
654,SP,PE,2177,0.185
1933,SP,SC,687,0.2
1565,SC,SP,613,0.2
1838,PR,SP,461,0.2
1701,SP,SP,97,0.2
542,SP,SP,89,0.2
321,SP,SP,89,0.2
578,RS,PE,3703,0.2
1438,SP,AL,2383,0.2
1323,SP,AL,2383,0.2
1196,SP,AL,2383,0.2
2289,PE,RJ,2301,0.2
537,SP,BA,1936,0.2
2175,SP,SP,530,0.21
2435,SP,RS,1011,0.22
217,MG,SP,670,0.25
197,MG,SP,670,0.25
817,SP,RJ,508,0.25
735,SP,RJ,508,0.25
653,SP,RJ,508,0.25
199,MT,SP,1936,0.25
2141,SP,MG,449,0.27
2640,SP,SP,142,0.285
2834,SP,SP,142,0.285
3028,SP,SP,142,0.285
3166,SP,SP,142,0.285
2177,GO,SP,859,0.3
1861,SP,SP,405,0.3
207,SP,MG,285,0.3
1573,SP,SP,137,0.3
1660,BA,PR,2166,0.3
914,MG,AL,1801,0.3
883,MG,AL,1801,0.3
801,MG,AL,1801,0.3
719,MG,AL,1801,0.3
183,MG,AL,1801,0.3
2024,RS,SP,1114,0.3
1999,RS,SP,1114,0.3
1977,RS,SP,1114,0.3
2274,SP,ES,710,0.31
2168,SP,MG,572,0.32
2159,SP,MG,837,0.335
1268,PA,PR,2862,0.35
2321,RS,SP,1153,0.35
1772,MG,SP,1161,0.375
1480,MG,SP,1161,0.375
2526,SC,SP,614,0.39
2572,SP,PA,2820,0.39
1951,SP,PA,2820,0.39
2582,SP,MA,2687,0.39
2776,SP,MA,2687,0.39
2970,SP,MA,2687,0.39
1936,SP,MA,2687,0.39
2204,SP,PA,2192,0.39
2171,SP,BA,2075,0.39
2163,SP,MG,293,0.395
1703,SP,MG,598,0.4
1903,MG,MG,500,0.4
1479,DF,MG,232,0.4
1430,DF,MG,232,0.4
1358,DF,MG,232,0.4
176,SP,SP,34,0.4
1707,SP,SP,28,0.4
293,SP,SP,5,0.4
1788,DF,SP,1010,0.4
1685,SP,MS,1160,0.42
1639,SP,MS,1160,0.42
1290,SP,MS,1160,0.42
1263,SP,MS,1160,0.42
621,SP,SP,338,0.45
2547,SP,MG,103,0.46
2561,SP,PA,2627,0.46
1968,SP,PA,2627,0.46
2194,SP,TO,1737,0.46
2568,SP,PA,2773,0.48
1957,SP,PA,2773,0.48
2603,SP,MG,592,0.5
2797,SP,MG,592,0.5
2991,SP,MG,592,0.5
2263,SP,MG,584,0.5
558,SP,MG,470,0.5
1831,SP,SP,148,0.5
623,SP,SP,81,0.5
2620,SP,SP,24,0.5
2814,SP,SP,24,0.5
3008,SP,SP,24,0.5
1938,SP,SP,18,0.5
2180,SP,SP,283,0.51
2179,SP,SP,243,0.51
2068,SP,RS,1460,0.51
2192,SP,RO,2979,0.52
2573,SP,PA,2802,0.52
1949,SP,PA,2802,0.52
2564,SP,PA,2192,0.535
1959,SP,PA,2192,0.535
255,SP,SC,691,0.55
2249,RJ,SP,292,0.56
1675,SP,BA,1924,0.56
1445,SP,BA,1924,0.56
1401,SP,BA,1924,0.56
1330,SP,BA,1924,0.56
1992,SP,MG,562,0.6
1964,SP,MG,562,0.6
2027,SP,MG,545,0.6
2588,SP,SP,343,0.6
2782,SP,SP,343,0.6
2976,SP,SP,343,0.6
1930,SP,SP,343,0.6
1886,SP,BA,1522,0.6
1252,SP,BA,1522,0.6
552,SP,MG,580,0.62
485,SP,MG,580,0.62
2191,SP,RO,2781,0.62
2188,SP,PA,2432,0.64
2047,SP,MG,634,0.648
223,SP,PR,601,0.66
546,SP,GO,926,0.7
327,SP,GO,926,0.7
1265,SP,SP,293,0.7
1651,SP,SP,29,0.7
1904,SP,BA,1915,0.7
1094,SP,BA,1915,0.7
1045,SP,BA,1915,0.7
2644,RS,PR,519,0.75
2838,RS,PR,519,0.75
3032,RS,PR,519,0.75
3170,RS,PR,519,0.75
1827,SP,MG,948,0.8
1506,SP,MG,948,0.8
1382,SP,MG,948,0.8
289,SP,MG,948,0.8
1764,SP,SP,41,0.8
1751,SP,SP,41,0.8
2062,SP,MA,2931,0.8
2208,SP,PA,2816,0.8
905,DF,PA,1395,0.8
874,DF,PA,1395,0.8
792,DF,PA,1395,0.8
710,DF,PA,1395,0.8
172,DF,PA,1395,0.8
1500,RS,SP,1154,0.8
1377,RS,SP,1154,0.8
2577,SP,RJ,554,0.805
2583,SP,RJ,554,0.805
2771,SP,RJ,554,0.805
2777,SP,RJ,554,0.805
2965,SP,RJ,554,0.805
2971,SP,RJ,554,0.805
1945,SP,RJ,554,0.805
1932,SP,RJ,554,0.805
2441,SP,PA,2083,0.82
2578,SP,MG,725,0.898
2772,SP,MG,725,0.898
2966,SP,MG,725,0.898
1943,SP,MG,725,0.898
2432,SP,SP,18,0.939
1482,SP,SP,41,0.94
1481,SP,SP,41,0.94
1432,SP,SP,41,0.94
1431,SP,SP,41,0.94
1359,SP,SP,41,0.94
1780,RS,SP,950,1
904,DF,BA,890,1
873,DF,BA,890,1
791,DF,BA,890,1
709,DF,BA,890,1
557,PE,BA,757,1
1498,SP,MG,618,1
1375,SP,MG,618,1
233,SC,SP,592,1
2081,SP,PR,544,1
563,PR,SP,540,1
2240,SP,RJ,386,1
2646,PR,PR,345,1
2840,PR,PR,345,1
3034,PR,PR,345,1
3172,PR,PR,345,1
607,SP,SP,276,1
2639,PR,PR,247,1
2833,PR,PR,247,1
3027,PR,PR,247,1
3165,PR,PR,247,1
2271,SP,SP,161,1
590,MG,MG,77,1
2434,SP,SP,71,1
2651,SP,SP,60,1
2845,SP,SP,60,1
3039,SP,SP,60,1
3177,SP,SP,60,1
2173,SP,SP,41,1
2429,SP,SP,29,1
2303,SP,SP,28,1
2319,SP,SP,19,1
2322,SP,SP,19,1
243,SP,RN,2762,1
2196,SP,PA,2326,1
574,MG,MG,791,1.2
525,MG,SP,562,1.2
1567,MG,MG,279,1.2
1629,SP,SP,125,1.2
204,SP,SP,25,1.2
1884,BA,RJ,1395,1.2
1909,SP,DF,940,1.3
326,SP,PR,456,1.3
325,SP,PR,456,1.3
2604,SP,SP,85,1.3
2798,SP,SP,85,1.3
2992,SP,SP,85,1.3
2616,SP,MG,1016,1.3
2810,SP,MG,1016,1.3
3004,SP,MG,1016,1.3
2580,SP,TO,1675,1.4
2774,SP,TO,1675,1.4
2968,SP,TO,1675,1.4
1940,SP,TO,1675,1.4
150,GO,SP,925,1.5
133,GO,SP,925,1.5
1569,SC,RS,596,1.5
573,SC,RS,596,1.5
822,SP,MG,581,1.5
740,SP,MG,581,1.5
658,SP,MG,581,1.5
2084,MG,SP,554,1.5
901,PR,PR,440,1.5
870,PR,PR,440,1.5
788,PR,PR,440,1.5
706,PR,PR,440,1.5
910,SP,SP,434,1.5
879,SP,SP,434,1.5
797,SP,SP,434,1.5
715,SP,SP,434,1.5
152,SP,PR,404,1.5
135,SP,PR,404,1.5
445,SP,SP,97,1.5
1634,SP,SP,69,1.5
1274,SP,SP,69,1.5
231,SP,SP,69,1.5
228,SP,SP,69,1.5
2649,SP,SP,40,1.5
2843,SP,SP,40,1.5
3037,SP,SP,40,1.5
3175,SP,SP,40,1.5
2628,SP,SP,39,1.5
2638,SP,SP,39,1.5
2822,SP,SP,39,1.5
2832,SP,SP,39,1.5
3016,SP,SP,39,1.5
3026,SP,SP,39,1.5
3164,SP,SP,39,1.5
1854,SP,SP,39,1.5
1581,SP,SP,39,1.5
294,MG,MG,36,1.5
1635,SP,SP,35,1.5
1271,SP,SP,35,1.5
226,SP,SP,35,1.5
296,SP,SP,28,1.5
245,SP,SP,28,1.5
2241,SP,SP,18,1.5
2243,SP,SP,18,1.5
2083,SP,MA,2945,1.5
2246,SP,BA,1872,1.5
2170,SP,BA,1249,1.5
277,SC,MS,1211,1.5
2643,SP,GO,1044,1.5
2837,SP,GO,1044,1.5
3031,SP,GO,1044,1.5
3169,SP,GO,1044,1.5
579,SC,SP,885,1.6
2269,RS,RS,127,1.6
2470,RJ,RJ,80,1.6
2485,RJ,RJ,64,1.6
1627,RJ,RJ,64,1.6
2531,SP,SP,54,1.6
1637,SP,SP,54,1.6
1258,SP,SP,54,1.6
593,SP,SP,54,1.6
221,SP,SP,54,1.6
2260,SP,SP,40,1.6
1649,SP,SP,40,1.6
1272,SP,SP,40,1.6
250,SP,SP,40,1.6
248,SP,SP,40,1.6
2224,RJ,RJ,22,1.6
1638,SP,SP,21,1.6
1630,SP,SP,21,1.6
1262,SP,SP,21,1.6
1253,SP,SP,21,1.6
220,SP,SP,21,1.6
497,SP,BA,1926,1.6
2619,SP,SP,145,1.7
2813,SP,SP,145,1.7
3007,SP,SP,145,1.7
2587,SP,SP,118,1.7
2781,SP,SP,118,1.7
2975,SP,SP,118,1.7
1931,SP,SP,118,1.7
595,SP,SP,40,1.7
257,SP,SP,18,1.7
2661,MG,ES,1.026,1.7
2855,MG,ES,1.026,1.7
3049,MG,ES,1.026,1.7
3187,MG,ES,1.026,1.7
608,MG,SP,903,2
2317,MG,MG,592,2
506,MG,SP,561,2
1891,SP,RJ,452,2
313,GO,GO,280,2
1803,SP,SP,23,2
2065,SP,SP,18,2
2546,SP,SP,18,2
1985,SP,SP,18,2
615,SP,SP,18,2
320,PI,SP,2982,2
565,SC,BA,2724,2
215,SC,BA,2724,2
808,SP,BA,1936,2
726,SP,BA,1936,2
644,SP,BA,1936,2
638,SP,BA,1936,2
632,SP,BA,1936,2
2554,PR,MT,1786,2.3
1975,PR,MT,1786,2.3
2543,SP,MG,594,2.4
2019,SP,ES,892,2.5
1787,SP,MG,572,2.5
1034,SP,MG,572,2.5
1783,SP,MG,533,2.5
1033,SP,MG,533,2.5
2515,RJ,RJ,290,2.5
1657,RJ,RJ,290,2.5
1275,RJ,RJ,290,2.5
219,RJ,RJ,290,2.5
2221,RJ,RJ,178,2.5
2477,RJ,RJ,80,2.5
2503,RJ,RJ,64,2.5
1897,SP,SP,64,2.5
2532,SP,SP,54,2.5
1266,SP,SP,54,2.5
893,SP,SP,54,2.5
862,SP,SP,54,2.5
780,SP,SP,54,2.5
698,SP,SP,54,2.5
498,SP,SP,54,2.5
291,SP,SP,54,2.5
218,SP,SP,54,2.5
163,SP,SP,54,2.5
1665,SP,SP,50,2.5
1281,SP,SP,50,2.5
309,SP,SP,50,2.5
281,SP,SP,50,2.5
2318,SP,SP,46,2.5
244,SP,SP,40,2.5
1674,SP,SP,36,2.5
2222,RJ,RJ,33,2.5
2565,SP,SP,21,2.5
1997,SP,SP,21,2.5
1974,SP,SP,21,2.5
1632,SP,SP,21,2.5
1256,SP,SP,21,2.5
225,SP,SP,21,2.5
2220,RJ,RJ,17,2.5
1911,RJ,RJ,17,2.5
1631,RJ,RJ,17,2.5
1254,RJ,RJ,17,2.5
232,RJ,RJ,17,2.5
229,RJ,RJ,17,2.5
2283,SP,SP,12,2.5
2294,SP,SP,12,2.5
1719,SP,SP,12,2.5
1718,SP,SP,12,2.5
560,SP,SP,93,2.6
2251,SP,SP,71,2.6
151,SC,SP,531,2.7
134,SC,SP,531,2.7
504,SP,GO,1042,2.7
1099,SP,SP,18,2.8
1050,SP,SP,18,2.8
2663,SP,SP,332,2.9
2857,SP,SP,332,2.9
3051,SP,SP,332,2.9
3189,SP,SP,332,2.9
2008,SP,SP,108,2.9
2563,SP,PA,2348,2.9
1962,SP,PA,2348,2.9
1839,SP,RS,966,3
173,SP,RJ,544,3
1448,MG,MG,431,3
1404,MG,MG,431,3
1333,MG,MG,431,3
328,SC,SC,363,3
174,SP,SP,142,3
1851,MG,MG,71,3
1769,SP,SP,50,3
1756,SP,SP,50,3
254,SP,SP,50,3
1562,SP,SP,27,3
1237,SP,SP,6,3
503,SP,SP,6,3
297,SP,SP,6,3
1495,SP,AM,4177,3
1372,SP,AM,4177,3
524,GO,PA,2432,3
314,GO,PA,2432,3
527,SP,BA,1936,3
891,SP,RJ,407,3.3
860,SP,RJ,407,3.3
778,SP,RJ,407,3.3
696,SP,RJ,407,3.3
161,SP,RJ,407,3.3
494,ES,SE,1367,3.3
2650,SP,SP,609,3.4
2844,SP,SP,609,3.4
3038,SP,SP,609,3.4
3176,SP,SP,609,3.4
2436,SP,GO,711,3.5
452,RJ,MG,439,3.5
1250,SP,MG,386,3.5
2272,SP,SP,95,3.5
2281,SP,SP,95,3.5
2296,SP,SP,95,3.5
2297,SP,SP,95,3.5
2298,SP,SP,95,3.5
2299,SP,SP,95,3.5
2300,SP,SP,95,3.5
2302,SP,SP,95,3.5
1633,SP,SP,54,3.5
1273,SP,SP,54,3.5
1676,SP,SP,50,3.5
1295,SP,SP,50,3.5
1289,SP,SP,50,3.5
598,SP,SP,50,3.5
275,SP,SP,50,3.5
2614,SP,SP,39,3.5
2635,SP,SP,39,3.5
2808,SP,SP,39,3.5
2829,SP,SP,39,3.5
3002,SP,SP,39,3.5
3023,SP,SP,39,3.5
3161,SP,SP,39,3.5
1580,SP,SP,39,3.5
2427,SP,SP,27,3.5
1696,SP,SP,27,3.5
1693,SP,SP,27,3.5
1307,SP,SP,27,3.5
1305,SP,SP,27,3.5
1304,SP,SP,27,3.5
1303,SP,SP,27,3.5
1302,SP,SP,27,3.5
1301,SP,SP,27,3.5
1300,SP,SP,27,3.5
1299,SP,SP,27,3.5
1298,SP,SP,27,3.5
1297,SP,SP,27,3.5
279,SP,SP,27,3.5
278,SP,SP,27,3.5
612,SP,SP,18,3.5
912,SP,SP,16,3.5
881,SP,SP,16,3.5
799,SP,SP,16,3.5
717,SP,SP,16,3.5
182,SP,SP,16,3.5
2671,SP,SP,38,3.6
2865,SP,SP,38,3.6
3059,SP,SP,38,3.6
3197,SP,SP,38,3.6
492,ES,PR,1491,3.6
164,SP,SP,26,3.8
1795,SC,RN,3438,3.8
1311,SC,RN,3438,3.8
1699,SP,SP,128,4
1852,SP,MS,921,5
1202,BA,PE,788,5
266,SP,MG,740,5
596,SP,MG,495,5
272,SP,MG,495,5
271,SP,MG,495,5
270,SP,MG,495,5
499,RJ,SP,450,5
265,SP,RJ,449,5
312,SP,SP,190,5
523,SP,SP,153,5
581,SP,SP,134,5
165,SP,SP,79,5
299,SP,MA,3030,5
1842,SP,PB,2729,5
1036,SP,PB,2729,5
1320,SP,PE,2600,5
1194,SP,PE,2600,5
529,PR,SE,2589,5
1892,PR,SE,2527,5
2591,RS,SP,1051,5
2785,RS,SP,1051,5
2979,RS,SP,1051,5
1877,SP,SP,71,5.5
1939,SP,SP,31,5.5
616,SP,SP,19,5.5
2696,SP,SP,10,5.5
2890,SP,SP,10,5.5
3084,SP,SP,10,5.5
3222,SP,SP,10,5.5
1881,SP,BA,1934,5.5
1880,SP,BA,1934,5.5
541,SP,RS,1287,5.5
1648,SP,PR,1022,5.5
1016,SP,GO,926,5.9
1773,SP,ES,870,6
483,SP,MG,782,6
2364,SP,MG,554,6
246,SP,SP,480,6
370,SP,PR,464,6
2406,SP,SP,436,6
2407,SP,SP,405,6
2399,SP,SP,404,6
2405,SP,SP,326,6
2219,SP,SP,242,6
2409,SP,SP,223,6
153,SP,SP,55,6
136,SP,SP,55,6
247,SP,SP,54,6
2270,SP,SP,40,6
1643,SP,SP,40,6
1267,SP,SP,40,6
236,SP,SP,40,6
2617,SP,SP,39,6
2637,SP,SP,39,6
2811,SP,SP,39,6
2831,SP,SP,39,6
3005,SP,SP,39,6
3025,SP,SP,39,6
3163,SP,SP,39,6
1579,SP,SP,39,6
432,SP,SP,27,6
2611,SP,SP,18,6
2805,SP,SP,18,6
2999,SP,SP,18,6
2374,MG,MG,17,6
610,RO,SP,2985,6
1901,RJ,MS,1829,6
1236,RJ,MS,1829,6
456,SC,GO,1658,6
2307,MG,SC,1149,6
2089,ES,BA,1135,6
2085,ES,MG,1070,6
2353,SP,RS,1066,6
620,MG,MG,572,6.5
619,MG,MG,572,6.5
310,MG,MG,572,6.5
148,MG,MG,572,6.5
131,MG,MG,572,6.5
1889,SP,SP,218,6.5
242,SP,SP,40,6.5
2633,SP,BA,1663,6.5
2827,SP,BA,1663,6.5
3021,SP,BA,1663,6.5
3159,SP,BA,1663,6.5
618,MG,MG,553,6.7
298,SP,SP,9,6.7
617,SP,RJ,435,6.8
2000,MG,MG,580,6.9
1979,MG,MG,580,6.9
1916,MG,MG,572,6.9
263,SP,ES,974,7
1898,SP,SC,919,7
1200,SP,GO,895,7
2535,PR,MS,751,7
2630,PR,RS,599,7
2824,PR,RS,599,7
3018,PR,RS,599,7
1866,MG,MG,572,7
1496,MG,MG,572,7
1373,MG,MG,572,7
2549,PR,RS,519,7
1895,PR,SP,402,7
1853,PR,SP,402,7
2253,SP,SP,170,7
1308,SP,SP,105,7
155,RJ,DF,1148,7
138,RJ,DF,1148,7
917,SP,MG,596,7.5
886,SP,MG,596,7.5
804,SP,MG,596,7.5
2692,SP,SP,466,7.5
2886,SP,SP,466,7.5
3080,SP,SP,466,7.5
3218,SP,SP,466,7.5
2691,SP,SP,303,7.5
2885,SP,SP,303,7.5
3079,SP,SP,303,7.5
3217,SP,SP,303,7.5
2236,SP,SP,199,7.5
722,SP,MG,596,7.6
2261,SP,SP,268,7.6
2231,SP,MT,1445,7.6
2705,SP,SP,443,7.9
2899,SP,SP,443,7.9
3093,SP,SP,443,7.9
3231,SP,SP,443,7.9
2533,GO,SP,906,10
181,MS,GO,895,10
238,SC,SP,598,10
2648,SP,PR,595,10
2842,SP,PR,595,10
3036,SP,PR,595,10
3174,SP,PR,595,10
1841,SP,PR,570,10
2566,SP,RJ,544,10
1270,SP,RJ,544,10
200,PR,PR,504,10
895,SP,RJ,442,10
864,SP,RJ,442,10
782,SP,RJ,442,10
700,SP,RJ,442,10
903,SP,SP,433,10
872,SP,SP,433,10
790,SP,SP,433,10
708,SP,SP,433,10
170,SP,SP,433,10
587,PR,SP,400,10
227,PR,SP,396,10
1437,SP,SP,357,10
1322,SP,SP,357,10
2198,SP,RJ,332,10
2656,MG,MG,262,10
2850,MG,MG,262,10
3044,MG,MG,262,10
3182,MG,MG,262,10
821,SP,SP,180,10
739,SP,SP,180,10
657,SP,SP,180,10
2262,SP,SP,176,10
2447,SP,SP,173,10
2242,SP,MG,95,10
2442,SP,SP,65,10
528,SP,SP,34,10
284,SP,SP,28,10
2301,CE,SC,3488,10
1702,PB,SP,2651,10
1315,PB,SP,2651,10
2080,SP,MA,2327,10
2028,SP,BA,1956,10
500,SP,RS,1292,10
1450,MG,RS,1171,10
1406,MG,RS,1171,10
1335,MG,RS,1171,10
1244,MG,RS,1171,10
513,MG,RS,1171,10
239,MG,RS,1171,10
146,MG,RS,1171,10
129,MG,RS,1171,10
501,SP,RS,1145,10
484,SP,GO,1106,10
897,SP,ES,1098,10
866,SP,ES,1098,10
784,SP,ES,1098,10
702,SP,ES,1098,10
2079,SP,DF,1073,10
1313,SP,DF,1073,10
290,SP,DF,1002,10
2446,SP,RJ,387,10.1
2542,SP,RJ,387,10.1
2544,SP,RJ,387,10.1
2558,SP,RJ,387,10.1
2697,SP,RJ,387,10.1
2891,SP,RJ,387,10.1
3085,SP,RJ,387,10.1
3223,SP,RJ,387,10.1
2239,SP,SP,155,10.1
1875,SP,SP,321,10.3
2276,SP,SP,287,10.3
2267,SP,SP,155,10.3
1499,SP,MS,773,10.5
1376,SP,MS,773,10.5
1526,SP,SP,192,10.5
509,SP,RJ,470,10.6
2273,SP,SP,248,10.6
1820,SP,PR,458,10.7
1578,SP,SP,111,11
1230,SP,SP,111,11
2013,SP,SP,85,11
892,SP,BA,1955,11
861,SP,BA,1955,11
779,SP,BA,1955,11
697,SP,BA,1955,11
2316,SP,MT,1759,11
2252,SP,SP,155,11.4
1493,SP,SP,193,11.5
1370,SP,SP,193,11.5
1664,SP,SP,155,11.5
2223,SP,SP,544,11.6
2541,SP,RJ,387,11.6
2690,SP,SP,378,11.6
2884,SP,SP,378,11.6
3078,SP,SP,378,11.6
3216,SP,SP,378,11.6
614,PR,SP,399,11.7
2233,SP,SP,320,11.7
2352,PR,GO,953,12
479,SP,PR,934,12
476,SP,PR,934,12
364,CE,BA,916,12
2166,SP,GO,905,12
385,SP,SC,896,12
376,SP,SC,896,12
2390,SP,RS,890,12
2629,PR,SP,793,12
2823,PR,SP,793,12
3017,PR,SP,793,12
386,SP,SC,779,12
377,SP,SC,779,12
367,SP,SC,772,12
2430,SP,MG,764,12
1941,SP,MG,764,12
2025,BA,PE,745,12
2634,PR,MS,732,12
2828,PR,MS,732,12
3022,PR,MS,732,12
3160,PR,MS,732,12
459,SP,PR,709,12
2384,RJ,SP,689,12
2394,SP,PR,689,12
2402,SP,PR,680,12
2403,SP,PR,680,12
2404,SP,PR,680,12
393,SP,PR,663,12
2360,MG,SP,660,12
259,SP,MG,655,12
2359,MG,ES,653,12
2358,MG,SP,645,12
2356,SP,MG,634,12
419,SP,SC,625,12
1859,SP,MG,621,12
807,MG,MG,586,12
725,MG,MG,586,12
643,MG,MG,586,12
637,MG,MG,586,12
631,MG,MG,586,12
145,MG,MG,586,12
128,MG,MG,586,12
2383,PR,SP,577,12
2248,PA,PA,576,12
443,MG,SP,571,12
2386,MG,SP,568,12
2332,MS,MS,549,12
457,SC,SC,533,12
469,SC,RS,532,12
1446,PR,SP,523,12
1402,PR,SP,523,12
1331,PR,SP,523,12
2413,SP,PR,518,12
403,MG,ES,511,12
2397,SP,MG,495,12
2337,SP,MG,476,12
2385,SP,RJ,476,12
440,SP,RJ,476,12
438,SP,RJ,476,12
2431,SP,PR,472,12
2026,PR,SP,441,12
388,SP,SP,441,12
379,SP,SP,441,12
2336,SC,SC,434,12
493,SP,RJ,428,12
1570,PR,SP,425,12
1255,PR,SP,425,12
426,SP,RJ,415,12
470,PR,SP,407,12
2335,SC,PR,406,12
412,SP,PR,394,12
372,SP,SP,365,12
2015,SP,SP,357,12
389,SP,SP,343,12
380,SP,SP,343,12
395,SP,SP,330,12
2369,SP,SP,326,12
384,SP,SP,326,12
375,SP,SP,326,12
396,SP,SP,325,12
383,SP,SP,307,12
374,SP,SP,307,12
371,SP,SP,307,12
2376,RJ,ES,301,12
450,SP,SP,273,12
373,SP,SP,257,12
2366,PR,SC,243,12
387,SP,SP,204,12
378,SP,SP,204,12
2382,SP,SP,158,12
1623,SP,SP,146,12
1294,SP,SP,146,12
201,SP,SP,146,12
417,RJ,RJ,85,12
2595,SP,SP,71,12
2789,SP,SP,71,12
2983,SP,SP,71,12
1910,SP,SP,71,12
2452,SP,SP,70,12
448,SP,SP,55,12
434,PE,PE,41,12
1104,SP,SP,19,12
1055,SP,SP,19,12
2327,SP,SP,18,12
1912,SP,SP,11,12
431,RR,SP,4575,12
2217,SP,PB,2720,12
2396,PR,MT,2443,12
1793,MT,MA,2066,12
1501,MT,MA,2066,12
1725,SP,MT,1533,12
2265,RJ,MS,1460,12
1485,SP,BA,1434,12
1362,SP,BA,1434,12
2438,MG,BA,1218,12
2381,PR,GO,1159,12
2391,SP,ES,1095,12
454,PR,RS,1071,12
453,PR,MG,1037,12
2687,SP,SC,791,12.1
2881,SP,SC,791,12.1
3075,SP,SC,791,12.1
3213,SP,SC,791,12.1
1691,RJ,SP,371,12.1
2232,SP,SP,329,12.1
2695,SP,SP,155,12.1
2889,SP,SP,155,12.1
3083,SP,SP,155,12.1
3221,SP,SP,155,12.1
2161,SP,SC,834,12.2
2584,SP,PR,1396,12.3
2778,SP,PR,1396,12.3
2972,SP,PR,1396,12.3
2082,SP,SC,1041,12.3
2255,SP,SP,465,12.4
2559,RJ,RJ,41,12.5
1924,RJ,RJ,41,12.5
1636,RJ,RJ,41,12.5
1257,RJ,RJ,41,12.5
224,RJ,RJ,41,12.5
2259,SP,SP,195,12.6
251,SP,SP,226,12.7
249,SP,SP,226,12.7
543,SP,SP,195,12.8
567,SP,PR,524,13
338,SP,PR,524,13
2439,SP,SP,437,13
911,SP,SP,392,13
880,SP,SP,392,13
798,SP,SP,392,13
716,SP,SP,392,13
1186,SP,SP,360,13
2001,MG,SP,197,13
1980,MG,SP,197,13
2235,SP,SP,155,13
2537,SP,SP,111,13
580,SP,SP,87,13
2529,SP,SP,72,13
603,SP,SP,65,13
177,SP,SP,42,13
2530,SP,SP,21,13
2323,SP,PE,2558,13
1504,PR,GO,1127,13
1380,PR,GO,1127,13
2426,SP,MG,1035,13
1492,SP,SP,155,13.1
1369,SP,SP,155,13.1
1368,SP,SP,155,13.1
2176,SP,PR,944,13.2
2185,SP,SC,886,13.3
1035,SP,SP,306,13.3
1817,SP,SP,267,13.3
2178,SP,SC,953,13.4
1821,SP,SP,460,13.6
1087,SP,SP,460,13.6
1038,SP,SP,460,13.6
2023,MG,MG,245,13.9
2172,SP,SC,1485,13.9
1564,SP,RS,1135,13.9
1650,PR,MG,962,14
570,PR,RS,961,14
2550,PR,RS,959,14
576,SP,SC,927,14
2093,SP,PR,843,14
1850,MG,MS,767,14
900,PR,SP,758,14
869,PR,SP,758,14
787,PR,SP,758,14
705,PR,SP,758,14
894,PR,RS,701,14
863,PR,RS,701,14
781,PR,RS,701,14
699,PR,RS,701,14
899,PR,SP,601,14
868,PR,SP,601,14
786,PR,SP,601,14
704,PR,SP,601,14
1239,SC,SP,575,14
2688,SP,PR,540,14
2882,SP,PR,540,14
3076,SP,PR,540,14
3214,SP,PR,540,14
1681,SP,RJ,522,14
1285,SP,RJ,522,14
1400,SP,SP,519,14
1329,SP,SP,519,14
1444,SP,SP,519,14
1478,MG,ES,517,14
1429,MG,ES,517,14
1357,MG,ES,517,14
627,MG,ES,517,14
2672,MG,RJ,443,14
2866,MG,RJ,443,14
3060,MG,RJ,443,14
3198,MG,RJ,443,14
1987,MG,RJ,391,14
1955,MG,RJ,391,14
2295,SP,MG,381,14
2310,SP,MG,381,14
1942,SP,SP,326,14
276,SP,SP,177,14
2527,SP,SP,147,14
502,MG,MG,135,14
1092,SP,SP,96,14
1043,SP,SP,96,14
1902,MG,MG,61,14
1243,MG,MG,61,14
594,SP,SP,54,14
1582,SP,SP,40,14
2609,SP,SP,39,14
2673,SP,SP,39,14
2803,SP,SP,39,14
2867,SP,SP,39,14
2997,SP,SP,39,14
3061,SP,SP,39,14
3199,SP,SP,39,14
214,PE,SP,2634,14
211,PE,SP,2634,14
2309,SP,PE,2573,14
2444,PE,RJ,2330,14
208,PE,RJ,2330,14
1790,GO,PA,2323,14
2538,GO,PA,2317,14
2443,PE,MA,1591,14
2425,PE,BA,1095,14
1656,SP,DF,1011,14
1655,SP,DF,1011,14
2087,SP,SC,998,14.1
2694,SP,SP,248,14.2
2888,SP,SP,248,14.2
3082,SP,SP,248,14.2
3220,SP,SP,248,14.2
2122,SP,PR,1047,14.2
2665,PR,RS,745,14.5
2859,PR,RS,745,14.5
3053,PR,RS,745,14.5
3191,PR,RS,745,14.5
1906,PR,RS,660,14.5
329,SP,SC,1103,14.8
213,SP,ES,906,15
210,SP,ES,906,15
514,PR,MG,901,15
1926,CE,MA,888,15
323,SP,ES,759,15
222,SP,RJ,729,15
2216,MG,SP,681,15
2313,SC,SP,631,15
2314,SC,SP,631,15
159,SP,PR,577,15
154,SP,PR,577,15
142,SP,PR,577,15
137,SP,PR,577,15
2292,MG,PR,505,15
604,SC,SP,491,15
205,SP,RJ,464,15
613,SP,RJ,458,15
820,PR,SP,402,15
738,PR,SP,402,15
656,PR,SP,402,15
335,SP,SP,349,15
185,SP,SP,349,15
577,SP,SP,229,15
1260,SP,SP,186,15
1914,SP,SP,85,15
2030,SP,SP,66,15
622,SP,SP,59,15
319,SP,SP,59,15
144,SP,SP,59,15
127,SP,SP,59,15
126,SP,SP,59,15
2227,SP,SP,52,15
2010,SP,SP,24,15
902,SC,RO,2592,15
871,SC,RO,2592,15
789,SC,RO,2592,15
707,SC,RO,2592,15
1096,SP,BA,2592,15
1047,SP,BA,2592,15
2308,SP,BA,1799,15
526,PR,ES,1379,15
521,PR,ES,1253,15
1855,TO,MA,1242,15
1818,SP,SP,186,15.9
466,PR,RJ,828,16
1937,MG,SP,628,16
1907,SP,MG,592,16
433,BA,BA,26,16
599,RO,SP,2971,16
446,SP,TO,1724,16
424,ES,GO,1363,16
455,PR,ES,1261,16
2433,SP,TO,2121,16.2
2228,SP,SP,135,16.5
531,SP,MG,831,16.6
234,SP,RJ,451,16.9
230,SP,RJ,451,16.9
511,SP,RJ,444,16.9
916,SP,CE,2908,17
885,SP,CE,2908,17
803,SP,CE,2908,17
721,SP,CE,2908,17
186,SP,CE,2908,17
171,SP,CE,2908,17
2596,SP,DF,1014,17
2790,SP,DF,1014,17
2984,SP,DF,1014,17
512,SP,RJ,387,17.4
510,SP,RJ,387,17.4
586,SP,RJ,363,17.4
585,SP,RJ,363,17.4
583,SP,RJ,363,17.4
2234,SP,SP,39,17.7
2182,SP,RJ,387,17.8
2181,SP,RJ,387,17.9
1946,SP,SC,757,18
1591,SP,RJ,691,18
1590,SP,RJ,691,18
1640,MG,RJ,573,18
1454,SP,MG,568,18
1452,SP,MG,568,18
1408,SP,MG,568,18
1337,SP,MG,568,18
274,RJ,MG,521,18
1483,SP,RJ,489,18
1433,SP,RJ,489,18
1360,SP,RJ,489,18
1848,MG,MG,477,18
1086,MG,MG,477,18
1037,MG,MG,477,18
1950,SP,SP,329,18
491,SP,MG,314,18
280,RJ,SP,292,18
490,SP,MG,273,18
520,SP,SP,122,18
1205,SP,SP,103,18
1101,SP,SP,44,18
1052,SP,SP,44,18
1782,SP,SP,35,18
2662,SP,PE,2608,18
2856,SP,PE,2608,18
3050,SP,PE,2608,18
3188,SP,PE,2608,18
1882,SP,PE,2608,18
516,SP,PE,2608,18
241,SP,PE,2608,18
240,SP,PE,2608,18
562,SP,ES,1074,18
489,SP,DF,1009,18
488,SP,DF,1009,18
1242,BA,PE,1009,18
216,CE,PI,582,18.7
2282,SP,SP,378,18.9
1716,SP,SC,688,19
1879,MG,RJ,573,19
2645,SP,RN,2916,19
2839,SP,RN,2916,19
3033,SP,RN,2916,19
3171,SP,RN,2916,19
1261,SP,PE,1760,19
2557,SP,RS,1145,19
1306,SP,RJ,706,19.5
407,SP,MS,979,20
2363,MG,SP,976,20
544,RJ,SC,969,20
362,SP,PR,968,20
397,SP,DF,966,20
409,SP,MS,928,20
2378,SP,DF,915,20
2414,SP,ES,899,20
2417,SP,ES,899,20
480,SP,PR,896,20
477,SP,PR,896,20
341,SP,DF,895,20
464,SP,ES,892,20
1587,RJ,MG,881,20
408,SP,MS,880,20
2215,SP,SP,873,20
2350,MG,MS,852,20
394,SP,GO,851,20
2351,PR,RJ,832,20
2357,MG,GO,821,20
2361,ES,SP,808,20
421,CE,PE,804,20
2375,SP,GO,791,20
2379,PE,CE,783,20
2331,SP,MG,781,20
465,SP,GO,773,20
413,SP,RJ,731,20
2338,SP,GO,711,20
460,BA,PI,682,20
359,PR,PR,672,20
2420,GO,SP,666,20
473,SP,PR,641,20
428,SP,SC,636,20
360,PR,PR,636,20
429,SC,PR,631,20
358,PR,PR,630,20
411,SC,SP,629,20
356,PR,PR,625,20
2377,MG,SP,620,20
398,PR,RS,618,20
1929,SP,MG,614,20
357,PR,PR,613,20
354,PR,PR,611,20
471,SP,SC,599,20
2410,MS,SP,598,20
235,SC,SP,598,20
355,PR,PR,593,20
458,SP,MG,588,20
353,PR,PR,584,20
2415,MG,RJ,582,20
2412,MS,SP,579,20
468,SP,PR,579,20
416,MG,RJ,567,20
2328,SP,PR,541,20
462,SP,MG,539,20
351,PR,PR,535,20
427,PR,SP,532,20
352,PR,PR,520,20
472,SP,SC,519,20
2395,SP,MG,517,20
2388,PR,SP,512,20
2586,PR,PR,509,20
2780,PR,PR,509,20
2974,PR,PR,509,20
344,PR,PR,507,20
2401,SP,MG,492,20
418,SP,RJ,492,20
350,PR,PR,488,20
442,SP,RJ,476,20
561,SP,PR,458,20
2411,SP,SP,457,20
444,SP,RJ,457,20
343,SP,RJ,457,20
2398,SP,SP,447,20
2419,GO,SP,447,20
365,SP,SP,441,20
347,PR,PR,434,20
348,PR,PR,428,20
2333,MG,SP,426,20
342,PR,PR,425,20
346,PR,PR,423,20
2400,SP,SP,408,20
2334,MG,SP,405,20
474,SP,PR,403,20
2370,PR,SP,400,20
422,PR,SP,400,20
406,SP,SP,395,20
391,SP,SP,394,20
382,SP,SP,394,20
349,PR,PR,385,20
1440,SP,SP,383,20
1325,SP,SP,383,20
551,SP,SP,383,20
262,SP,SP,383,20
345,PR,PR,344,20
390,SP,SP,326,20
381,SP,SP,326,20
2641,PR,PR,290,20
2835,PR,PR,290,20
3029,PR,PR,290,20
3167,PR,PR,290,20
2371,SP,MG,268,20
2408,SP,SP,248,20
366,SP,SP,193,20
2277,SP,SP,191,20
2339,MG,SP,176,20
447,SP,SP,169,20
415,SP,SP,164,20
2354,SP,SP,154,20
1241,SP,SP,122,20
2362,RJ,RJ,118,20
435,PE,PE,116,20
2601,SP,SP,113,20
2795,SP,SP,113,20
2989,SP,SP,113,20
2355,SP,SP,112,20
2340,MG,SP,110,20
410,SP,SP,107,20
2598,MG,SP,101,20
2792,MG,SP,101,20
2986,MG,SP,101,20
2418,SP,SP,71,20
2367,SP,SP,63,20
340,SP,SP,60,20
2202,SP,SP,59,20
588,SP,SP,53,20
430,SP,SP,53,20
436,PE,PE,41,20
203,SP,SP,40,20
437,PE,PE,25,20
339,SP,SP,25,20
2683,SP,SP,18,20
2877,SP,SP,18,20
3071,SP,SP,18,20
3209,SP,SP,18,20
2660,SP,SP,18,20
2664,SP,SP,18,20
2854,SP,SP,18,20
2858,SP,SP,18,20
3048,SP,SP,18,20
3052,SP,SP,18,20
3186,SP,SP,18,20
3190,SP,SP,18,20
2304,SP,SP,14,20
1994,SP,SP,12,20
1970,SP,SP,12,20
1652,SP,SP,9,20
449,SP,PE,2.591,20
2389,SP,AL,2.381,20
2330,SP,MA,2.066,20
2365,SP,BA,1.898,20
402,SP,BA,1.801,20
401,SP,BA,1.801,20
405,MT,AC,1.683,20
414,MG,BA,1.64,20
1314,SP,MT,1.578,20
461,SP,MT,1.524,20
2368,SP,MT,1.416,20
400,SP,BA,1.401,20
2392,SP,MT,1.324,20
425,SC,GO,1.29,20
522,PR,RJ,1.217,20
2380,PE,PI,1.169,20
1624,SP,RS,1.168,20
1293,SP,RS,1.168,20
202,SP,RS,1.168,20
2393,SP,MT,1.141,20
404,BA,ES,1.13,20
478,SP,RS,1.117,20
475,SP,RS,1.117,20
2416,SC,MG,1.027,20
1883,SP,MS,1.011,20
463,SP,ES,1.002,20
1286,PE,CE,808,21
913,SP,SP,439,21
882,SP,SP,439,21
800,SP,SP,439,21
718,SP,SP,439,21
2285,SP,SP,318,21
2211,SP,SP,174,21
2017,MT,PA,2.486,21
2266,PR,GO,1.065,21
2627,PR,GO,1.065,21
2657,PR,GO,1.065,21
2821,PR,GO,1.065,21
2851,PR,GO,1.065,21
3015,PR,GO,1.065,21
3045,PR,GO,1.065,21
3183,PR,GO,1.065,21
2229,SP,SP,102,21.1
2551,SP,RJ,387,21.2
1978,SP,RJ,387,21.2
2552,SP,RJ,387,21.4
264,RJ,SP,297,21.5
2256,ES,SP,839,22
569,PR,SP,643,22
1724,SP,RJ,499,22
1990,PR,SP,448,22
1961,PR,SP,448,22
2320,PR,SP,446,22
2290,SP,RJ,432,22
2658,SP,RJ,432,22
2852,SP,RJ,432,22
3046,SP,RJ,432,22
3184,SP,RJ,432,22
584,SP,RJ,414,22
2602,SP,SP,103,22
2796,SP,SP,103,22
2990,SP,SP,103,22
292,SP,SP,23,22
1834,SP,PA,2.643,22
1833,SP,PA,2.643,22
1694,SP,PE,2.477,22
2642,SP,PA,2.271,22
2836,SP,PA,2.271,22
3030,SP,PA,2.271,22
3168,SP,PA,2.271,22
582,PE,SP,2.126,22
624,MG,SP,1.173,22
2280,SP,SP,177,22.1
532,SP,MG,764,23
1890,SP,SC,674,23
2016,SP,SP,553,23
125,RJ,SP,502,23
1766,SP,RJ,439,23
1753,SP,RJ,439,23
1654,SP,RJ,428,23
1600,SP,RJ,428,23
1259,SP,RJ,428,23
1885,SP,RJ,412,23
1873,SP,RJ,412,23
1864,SP,RJ,412,23
1786,SP,RJ,412,23
1785,SP,RJ,412,23
1781,SP,RJ,412,23
1774,SP,RJ,412,23
1187,SP,SP,360,23
1791,SP,MG,205,23
1093,SP,MG,205,23
1044,SP,MG,205,23
1103,SP,SP,191,23
1054,SP,SP,191,23
1240,SP,SP,149,23
336,RJ,RJ,133,23
809,SP,SP,73,23
727,SP,SP,73,23
645,SP,SP,73,23
639,SP,SP,73,23
633,SP,SP,73,23
625,SP,SP,73,23
147,SP,SP,73,23
130,SP,SP,73,23
626,SP,SP,23,23
1653,SP,PE,2.602,23
267,RJ,MS,1.282,23
2286,MG,BA,1.251,23
2268,SP,SP,155,23.4
2647,SP,MG,530,23.5
2841,SP,MG,530,23.5
3035,SP,MG,530,23.5
3173,SP,MG,530,23.5
1700,SP,RJ,495,23.5
1312,PE,BA,769,23.7
2460,SP,SE,2.018,23.8
2655,SP,PR,692,24
2849,SP,PR,692,24
3043,SP,PR,692,24
3181,SP,PR,692,24
317,RJ,SP,448,24
451,SP,SP,413,24
1720,SP,SP,397,24
1706,SP,SP,392,24
907,SP,SP,392,24
876,SP,SP,392,24
794,SP,SP,392,24
712,SP,SP,392,24
2347,MG,MG,378,24
369,SP,SP,368,24
368,SP,SP,343,24
423,SP,SP,306,24
1484,RJ,SP,271,24
1434,RJ,SP,271,24
1361,RJ,SP,271,24
1317,RJ,SP,271,24
2342,MG,SP,257,24
2341,MG,SP,240,24
2343,MG,SP,193,24
2050,SP,SP,167,24
508,SP,SP,122,24
1594,SP,SP,18,24
363,SC,PE,3.485,24
1770,SP,PB,2.616,24
1757,SP,PB,2.616,24
1835,SP,PE,2.477,24
1823,SP,PE,2.17,24
361,CE,PA,1.503,24
467,MS,SC,1.089,24
2329,SC,MS,1.002,24
1935,SP,PR,542,24.9
1291,SP,ES,954,25
212,SP,ES,954,25
209,SP,ES,954,25
568,SC,SP,782,25
2092,MG,PR,727,25
1952,MG,PR,727,25
2594,RJ,SP,715,25
2788,RJ,SP,715,25
2982,RJ,SP,715,25
1913,RJ,SP,715,25
2051,BA,BA,711,25
2284,BA,BA,711,25
1993,BA,BA,711,25
1967,BA,BA,711,25
1966,BA,BA,711,25
2091,MG,PR,677,25
602,PR,SP,624,25
2589,MG,SP,590,25
2783,MG,SP,590,25
2977,MG,SP,590,25
2312,SP,MG,580,25
2315,SP,MG,580,25
2250,PA,PA,576,25
605,SP,MG,551,25
2190,SP,RJ,541,25
2610,MG,RJ,526,25
2612,MG,RJ,526,25
2613,MG,RJ,526,25
2615,MG,RJ,526,25
2618,MG,RJ,526,25
2804,MG,RJ,526,25
2806,MG,RJ,526,25
2807,MG,RJ,526,25
2809,MG,RJ,526,25
2812,MG,RJ,526,25
2998,MG,RJ,526,25
3000,MG,RJ,526,25
3001,MG,RJ,526,25
3003,MG,RJ,526,25
3006,MG,RJ,526,25
1677,SP,RJ,522,25
1283,SP,RJ,522,25
1872,MG,ES,517,25
1095,MG,ES,517,25
1046,MG,ES,517,25
2654,PR,SP,505,25
2848,PR,SP,505,25
3042,PR,SP,505,25
3180,PR,SP,505,25
918,SP,PR,498,25
887,SP,PR,498,25
805,SP,PR,498,25
723,SP,PR,498,25
196,SP,PR,498,25
2553,SP,SP,469,25
1845,RJ,SP,455,25
813,RJ,SP,437,25
812,RJ,SP,437,25
731,RJ,SP,437,25
730,RJ,SP,437,25
649,RJ,SP,437,25
648,RJ,SP,437,25
288,RJ,SP,437,25
591,MG,MG,431,25
2264,SP,RJ,404,25
258,RJ,SP,404,25
606,SP,PR,401,25
1796,SP,RJ,400,25
1899,PR,SP,380,25
1826,SP,SP,354,25
1810,SP,RJ,343,25
1680,RJ,SP,337,25
2607,RJ,SP,331,25
2608,RJ,SP,331,25
2801,RJ,SP,331,25
2802,RJ,SP,331,25
2995,RJ,SP,331,25
2996,RJ,SP,331,25
286,RJ,RJ,304,25
252,SP,SP,303,25
810,RJ,SP,297,25
728,RJ,SP,297,25
646,RJ,SP,297,25
640,RJ,SP,297,25
634,RJ,SP,297,25
261,RJ,SP,297,25
260,RJ,SP,297,25
589,MG,MG,291,25
2606,RJ,SP,284,25
2800,RJ,SP,284,25
2994,RJ,SP,284,25
1697,RJ,SP,271,25
1695,RJ,SP,271,25
1690,RJ,SP,271,25
287,RJ,SP,271,25
1488,RJ,SP,256,25
1364,RJ,SP,256,25
1922,RJ,SP,251,25
1921,RJ,SP,251,25
1920,RJ,SP,251,25
1919,RJ,SP,251,25
1583,SP,SP,246,25
1490,RJ,SP,243,25
1489,RJ,SP,243,25
1366,RJ,SP,243,25
1365,RJ,SP,243,25
2237,SP,SP,189,25
1927,SP,SP,188,25
1190,SP,SP,178,25
1837,SP,SP,162,25
2592,RJ,RJ,129,25
2786,RJ,RJ,129,25
2980,RJ,RJ,129,25
1923,RJ,RJ,129,25
2636,RJ,RJ,125,25
2830,RJ,RJ,125,25
3024,RJ,RJ,125,25
3162,RJ,RJ,125,25
571,SP,SP,102,25
1646,BA,BA,91,25
1642,BA,BA,91,25
256,BA,BA,91,25
2567,SP,SP,64,25
2570,SP,SP,64,25
2597,SP,SP,64,25
2791,SP,SP,64,25
2985,SP,SP,64,25
2326,SP,SP,62,25
1599,SP,SP,31,25
564,SP,SP,31,25
547,SP,SP,12,25
333,SP,SP,12,25
1736,RN,MT,3.565,25
1609,RN,MT,3.565,25
1462,RN,MT,3.565,25
1343,RN,MT,3.565,25
1737,RN,MT,3.333,25
1607,RN,MT,3.333,25
1463,RN,MT,3.333,25
1416,RN,MT,3.333,25
1344,RN,MT,3.333,25
1731,RN,GO,2.976,25
1602,RN,GO,2.976,25
1457,RN,GO,2.976,25
1411,RN,GO,2.976,25
1584,SP,CE,2.907,25
1733,RN,GO,2.869,25
1603,RN,GO,2.869,25
1459,RN,GO,2.869,25
1413,RN,GO,2.869,25
1340,RN,GO,2.869,25
1867,SP,PA,2.803,25
2548,SP,PB,2.678,25
1982,SP,PB,2.678,25
1729,RN,GO,2.351,25
1601,RN,GO,2.351,25
1455,RN,GO,2.351,25
1453,RN,GO,2.351,25
1409,RN,GO,2.351,25
1338,RN,GO,2.351,25
1742,RN,PA,1.877,25
1615,RN,PA,1.877,25
1469,RN,PA,1.877,25
1422,RN,PA,1.877,25
1350,RN,PA,1.877,25
495,GO,MG,1.304,25
1586,SP,RS,1.093,25
1235,SP,RS,1.093,25
178,GO,RJ,1.093,25
2279,RJ,DF,1.072,25
1106,PR,MG,1.043,25
1057,PR,MG,1.043,25
2555,SP,RJ,387,25.5
2195,SP,SP,132,25.8
2456,SP,PR,560,26
2291,MG,PR,505,26
2288,PR,MG,502,26
1692,RJ,SP,432,26
2571,SP,SP,397,26
1953,SP,SP,397,26
2569,SP,SP,392,26
1956,SP,SP,392,26
166,SP,SP,392,26
1679,RJ,SP,337,26
2574,SP,SP,312,26
1948,SP,SP,312,26
909,SP,SP,14,26
878,SP,SP,14,26
796,SP,SP,14,26
714,SP,SP,14,26
1593,SP,RS,1.101,26
1233,SP,RS,1.101,26
609,SP,MG,474,26.5
160,PR,MG,970,27
143,PR,MG,970,27
2184,SC,SP,745,27
2437,SC,SP,745,27
2585,SC,SP,745,27
2631,SC,SP,745,27
2652,SC,SP,745,27
2779,SC,SP,745,27
2825,SC,SP,745,27
2846,SC,SP,745,27
2973,SC,SP,745,27
3019,SC,SP,745,27
3040,SC,SP,745,27
3157,SC,SP,745,27
3178,SC,SP,745,27
896,PR,SP,680,27
865,PR,SP,680,27
783,PR,SP,680,27
701,PR,SP,680,27
2160,GO,DF,604,27
1585,SP,PR,494,27
322,SP,SP,407,27
2306,MG,MG,241,27
1449,SP,SP,228,27
1405,SP,SP,228,27
1334,SP,SP,228,27
2214,SC,PA,3.273,27
1249,PE,SP,2.634,27
1687,SP,PA,2.326,27
1238,SP,PA,2.326,27
308,SP,PA,2.326,27
1728,SP,PR,346,27.5
559,SP,SP,236,27.5
2448,SP,SP,171,27.5
1663,SP,MG,101,27.5
1876,MG,RJ,595,28
2525,SP,SP,330,28
1988,SP,SP,330,28
1958,SP,SP,330,28
1822,RJ,SP,271,28
2245,SP,SP,128,28
530,SP,BA,1.886,28
2528,SP,RS,1.168,28
1857,SP,SP,377,28.1
1287,SP,SP,377,28.1
2257,SC,SC,107,28.5
169,RJ,SP,715,29
1893,SP,SP,185,29
2200,SP,SP,384,29.1
1858,SP,SP,595,29.6
2440,SP,GO,1.239,29.9
118,PR,RJ,998,30
79,PR,RJ,977,30
95,PR,RJ,943,30
17,PR,MG,906,30
2599,SP,DF,891,30
2793,SP,DF,891,30
2987,SP,DF,891,30
1673,SP,DF,890,30
1671,SP,DF,890,30
1670,SP,DF,890,30
1669,SP,DF,890,30
1668,SP,DF,890,30
19,PR,RJ,883,30
115,PR,RJ,853,30
94,PR,RJ,853,30
102,PR,RJ,835,30
1722,SP,RJ,832,30
1441,SP,RJ,832,30
1397,SP,RJ,832,30
1326,SP,RJ,832,30
104,PR,RJ,819,30
105,PR,RJ,810,30
107,PR,RJ,806,30
103,PR,RJ,799,30
1762,SP,PR,786,30
1749,SP,PR,786,30
70,PR,SP,738,30
26,PR,RS,727,30
2593,RJ,SP,715,30
2787,RJ,SP,715,30
2981,RJ,SP,715,30
1917,RJ,SP,715,30
77,PR,MG,705,30
24,PR,RS,697,30
27,PR,RS,679,30
71,PR,SP,677,30
69,PR,SP,655,30
68,PR,SP,646,30
78,PR,MG,609,30
285,RJ,ES,587,30
73,PR,SP,579,30
40,PR,SP,552,30
72,PR,SP,538,30
2621,MG,RJ,526,30
2622,MG,RJ,526,30
2624,MG,RJ,526,30
2625,MG,RJ,526,30
2626,MG,RJ,526,30
2815,MG,RJ,526,30
2816,MG,RJ,526,30
2818,MG,RJ,526,30
2819,MG,RJ,526,30
2820,MG,RJ,526,30
3009,MG,RJ,526,30
3010,MG,RJ,526,30
3012,MG,RJ,526,30
3013,MG,RJ,526,30
3014,MG,RJ,526,30
337,MS,SP,524,30
75,PR,SP,519,30
39,PR,SP,490,30
37,PR,SP,488,30
14,PR,SP,460,30
109,PR,SP,433,30
4,PR,SP,428,30
300,SP,PR,427,30
114,PR,SP,424,30
111,PR,SP,420,30
29,PR,SP,420,30
85,PR,SP,413,30
1451,RJ,SP,407,30
1407,RJ,SP,407,30
1336,RJ,SP,407,30
110,PR,SP,407,30
7,PR,SP,407,30
1032,RJ,SP,243,30
1684,SP,SP,174,30
2445,SP,SP,171,30
545,SP,SP,158,30
1710,RJ,RJ,107,30
1709,RJ,RJ,107,30
1278,SP,SP,107,30
1714,RJ,RJ,74,30
1713,RJ,RJ,74,30
1712,RJ,RJ,74,30
2453,SP,SP,44,30
307,SP,SP,12,30
113,PR,PA,3.509,30
101,PR,PA,3.345,30
124,PR,MA,3.326,30
10,PR,MA,3.326,30
12,PR,MA,3.307,30
51,PR,PA,3.284,30
89,PR,MA,3.211,30
30,PR,MA,3.198,30
34,PR,MA,3.19,30
32,PR,MA,3.179,30
90,PR,MA,3.167,30
92,PR,MA,3.161,30
25,PR,PA,3.151,30
93,PR,MA,3.15,30
43,PR,PA,3.146,30
91,PR,MA,3.14,30
48,PR,PA,3.136,30
55,PR,PB,3.135,30
58,PR,PB,3.126,30
33,PR,MA,3.12,30
46,PR,PA,3.112,30
119,PR,PA,3.096,30
5,PR,PA,3.094,30
44,PR,PA,3.082,30
28,PR,PA,3.078,30
99,PR,MA,3.054,30
61,PR,PB,3.05,30
42,PR,PA,3.047,30
59,PR,PB,3.028,30
31,PR,MA,3.017,30
100,PR,MA,3.015,30
96,PR,MA,3.015,30
60,PR,PB,2.924,30
54,PR,PB,2.89,30
57,PR,PB,2.885,30
1098,SP,PA,2.839,30
1049,SP,PA,2.839,30
56,PR,PB,2.833,30
18,PR,MA,2.734,30
20,PR,MA,2.654,30
81,PR,BA,2.588,30
66,PR,SE,2.579,30
67,PR,SE,2.533,30
98,PR,BA,2.351,30
35,PR,MT,2.337,30
84,PR,BA,2.335,30
269,SP,PA,2.314,30
268,SP,PA,2.314,30
97,PR,BA,2.311,30
86,PR,BA,2.311,30
38,PR,MT,2.303,30
106,PR,BA,2.293,30
88,PR,BA,2.293,30
108,PR,BA,2.273,30
1711,MG,PB,2.263,30
1435,MG,PB,2.263,30
6,PR,BA,2.263,30
83,PR,BA,2.259,30
36,PR,BA,2.225,30
52,PR,BA,2.218,30
53,PR,BA,2.175,30
9,PR,BA,2.029,30
63,PR,BA,2.027,30
41,PR,BA,1.979,30
50,PR,BA,1.89,30
1497,SP,BA,1.886,30
1374,SP,BA,1.886,30
49,PR,BA,1.867,30
62,PR,BA,1.818,30
65,PR,BA,1.797,30
122,PR,BA,1.78,30
64,PR,BA,1.769,30
8,PR,BA,1.736,30
82,PR,BA,1.71,30
112,PR,BA,1.653,30
15,PR,BA,1.64,30
16,PR,BA,1.61,30
80,PR,MG,1.595,30
198,MT,MG,1.536,30
120,PR,ES,1.429,30
76,PR,GO,1.361,30
74,PR,GO,1.359,30
1,PR,ES,1.355,30
123,PR,DF,1.33,30
121,PR,ES,1.304,30
47,PR,ES,1.254,30
45,PR,ES,1.232,30
1589,SP,ES,1.198,30
1439,SP,ES,1.198,30
1324,SP,ES,1.198,30
23,PR,MG,1.104,30
0,PR,MG,1.1,30
2,PR,MG,1.096,30
3,PR,MG,1.095,30
116,PR,RJ,1.068,30
87,PR,RJ,1.06,30
21,PR,MG,1.06,30
117,PR,RJ,1.059,30
13,PR,RJ,1.037,30
22,PR,MG,1.034,30
11,PR,RJ,1.012,30
2203,SP,SP,384,30.1
2689,SP,SP,365,30.1
2883,SP,SP,365,30.1
3077,SP,SP,365,30.1
3215,SP,SP,365,30.1
2247,SP,SP,128,30.1
1908,SP,ES,954,31
2666,PR,RS,745,31
2860,PR,RS,745,31
3054,PR,RS,745,31
3192,PR,RS,745,31
2244,SP,SP,128,31.2
2575,SP,DF,892,32
2769,SP,DF,892,32
2963,SP,DF,892,32
2590,ES,SP,749,32
2784,ES,SP,749,32
2978,ES,SP,749,32
1928,ES,SP,749,32
2423,PE,CE,709,32
2457,SP,PR,560,32
2449,SP,SP,531,32
2450,SP,SP,531,32
2451,SP,SP,531,32
1815,MG,SP,520,32
1813,MG,SP,520,32
1566,MG,SP,520,32
2455,SP,SP,469,32
2293,SP,MG,381,32
1778,SP,PR,327,32
1088,RJ,RJ,313,32
1039,RJ,RJ,313,32
2074,SP,SP,113,32
191,SP,SP,94,32
190,SP,SP,92,32
2454,SP,SP,79,32
2653,PB,SC,3.499,32
2847,PB,SC,3.499,32
3041,PB,SC,3.499,32
3179,PB,SC,3.499,32
1248,PE,SP,2.68,32
192,SP,PE,2.608,32
1900,RN,MG,2.154,32
1878,RJ,MT,1.936,32
187,SP,BA,1.934,32
188,SP,BA,1.818,32
189,SP,BA,1.621,32
193,SP,RS,1.245,32
194,SP,RS,1.098,32
1727,SP,PR,786,32.1
2693,SP,MS,562,32.1
2887,SP,MS,562,32.1
3081,SP,MS,562,32.1
3219,SP,MS,562,32.1
1726,SP,PR,786,32.5
1771,MG,MG,708,33
1667,MG,MG,708,33
1672,MG,PR,627,33
1282,MG,PR,627,33
1918,PE,PA,2.045,33
1563,PR,MG,1.222,33
1598,SP,RS,1.069,33
1768,MG,ES,1.062,33
1755,MG,ES,1.062,33
1661,MG,ES,1.062,33
2197,SP,SP,89,33.2
2669,SP,RS,1.165,33.5
2863,SP,RS,1.165,33.5
3057,SP,RS,1.165,33.5
3195,SP,RS,1.165,33.5
2670,SP,RS,1.095,33.5
2864,SP,RS,1.095,33.5
3058,SP,RS,1.095,33.5
3196,SP,RS,1.095,33.5
2059,SP,PR,718,35
2070,PR,RS,675,35
2060,SP,PR,668,35
2071,PR,SP,587,35
2387,PR,PR,502,35
2061,PR,SP,493,35
2349,MG,MG,458,35
2058,SP,PR,452,35
399,PR,SP,408,35
2073,PR,SC,405,35
2066,PR,SP,398,35
2063,PR,SP,395,35
2067,PR,SP,393,35
2346,MG,GO,382,35
2069,PR,SC,321,35
2057,SP,SP,320,35
2348,MG,MG,285,35
572,SC,PR,255,35
2667,PR,PR,140,35
2075,PR,PR,138,35
2076,PR,PR,107,35
2422,PE,GO,2.364,35
1247,PE,ES,1.901,35
392,SP,MT,1.6,35
2254,SP,MS,948,37
2048,PR,PR,238,37
2052,PR,PR,238,37
2632,PR,PR,238,37
2826,PR,PR,238,37
3020,PR,PR,238,37
3158,PR,PR,238,37
824,PR,PR,238,37
742,PR,PR,238,37
660,PR,PR,238,37
157,PR,PR,238,37
140,PR,PR,238,37
2054,PR,PR,185,37
2668,PR,PR,185,37
2862,PR,PR,185,37
3056,PR,PR,185,37
3194,PR,PR,185,37
823,PR,PR,180,37
741,PR,PR,180,37
659,PR,PR,180,37
156,PR,PR,180,37
139,PR,PR,180,37
2053,PR,PR,162,37
2684,PR,PR,162,37
2878,PR,PR,162,37
3072,PR,PR,162,37
3210,PR,PR,162,37
1571,PR,PR,148,37
1189,PR,PR,148,37
890,PR,PR,143,37
859,PR,PR,143,37
777,PR,PR,143,37
695,PR,PR,143,37
158,PR,PR,143,37
141,PR,PR,143,37
2861,PR,PR,140,37
3055,PR,PR,140,37
3193,PR,PR,140,37
889,PR,PR,140,37
858,PR,PR,140,37
776,PR,PR,140,37
694,PR,PR,140,37
898,SP,PA,2.95,49
867,SP,PA,2.95,49
785,SP,PA,2.95,49
703,SP,PA,2.95,49
844,GO,MT,848,50
762,GO,MT,848,50
680,GO,MT,848,50
2421,PE,CE,710,50
2458,SP,PR,461,50
831,MT,MT,341,50
749,MT,MT,341,50
667,MT,MT,341,50
848,MT,MT,141,50
766,MT,MT,141,50
684,MT,MT,141,50
846,MT,MT,131,50
829,MT,MT,131,50
764,MT,MT,131,50
747,MT,MT,131,50
682,MT,MT,131,50
665,MT,MT,131,50
1741,RN,MS,3.636,50
1614,RN,MS,3.636,50
1468,RN,MS,3.636,50
1421,RN,MS,3.636,50
1349,RN,MS,3.636,50
806,SP,MA,2.987,50
724,SP,MA,2.987,50
642,SP,MA,2.987,50
636,SP,MA,2.987,50
630,SP,MA,2.987,50
629,SP,MA,2.987,50
1246,PE,SP,2.643,50
855,MT,SC,2.465,50
839,MT,SC,2.465,50
773,MT,SC,2.465,50
757,MT,SC,2.465,50
691,MT,SC,2.465,50
675,MT,SC,2.465,50
853,MT,PR,2.361,50
838,MT,PR,2.361,50
771,MT,PR,2.361,50
756,MT,PR,2.361,50
689,MT,PR,2.361,50
674,MT,PR,2.361,50
1744,RN,RJ,2.318,50
1619,RN,RJ,2.318,50
1473,RN,RJ,2.318,50
1471,RN,RJ,2.318,50
1424,RN,RJ,2.318,50
1352,RN,RJ,2.318,50
856,MT,PR,2.316,50
842,MT,PR,2.316,50
774,MT,PR,2.316,50
760,MT,PR,2.316,50
692,MT,PR,2.316,50
678,MT,PR,2.316,50
841,MT,PR,2.236,50
759,MT,PR,2.236,50
677,MT,PR,2.236,50
854,MT,PR,2.2,50
837,MT,PR,2.2,50
772,MT,PR,2.2,50
755,MT,PR,2.2,50
690,MT,PR,2.2,50
673,MT,PR,2.2,50
851,MT,PR,2.18,50
836,MT,PR,2.18,50
769,MT,PR,2.18,50
754,MT,PR,2.18,50
687,MT,PR,2.18,50
672,MT,PR,2.18,50
852,MT,PR,2.026,50
835,MT,PR,2.026,50
770,MT,PR,2.026,50
753,MT,PR,2.026,50
688,MT,PR,2.026,50
671,MT,PR,2.026,50
888,MT,SP,2.003,50
857,MT,SP,2.003,50
840,MT,SP,2.003,50
775,MT,SP,2.003,50
758,MT,SP,2.003,50
693,MT,SP,2.003,50
676,MT,SP,2.003,50
845,MT,SC,1.988,50
828,MT,SC,1.988,50
826,MT,SC,1.988,50
763,MT,SC,1.988,50
746,MT,SC,1.988,50
744,MT,SC,1.988,50
681,MT,SC,1.988,50
664,MT,SC,1.988,50
662,MT,SC,1.988,50
833,MT,SC,1.985,50
751,MT,SC,1.985,50
669,MT,SC,1.985,50
843,MT,PR,1.727,50
825,MT,PR,1.727,50
761,MT,PR,1.727,50
743,MT,PR,1.727,50
679,MT,PR,1.727,50
661,MT,PR,1.727,50
850,MT,PR,1.711,50
834,MT,PR,1.711,50
768,MT,PR,1.711,50
752,MT,PR,1.711,50
686,MT,PR,1.711,50
670,MT,PR,1.711,50
849,MT,PR,1.481,50
832,MT,PR,1.481,50
767,MT,PR,1.481,50
750,MT,PR,1.481,50
685,MT,PR,1.481,50
668,MT,PR,1.481,50
827,MT,MG,1.069,50
745,MT,MG,1.069,50
663,MT,MG,1.069,50
1888,PR,PE,3.283,52
1503,SP,SP,21,53
1379,SP,SP,21,53
195,SP,PA,2.314,60
1759,RN,SE,820,100
1746,RN,SE,820,100
1621,RN,SE,820,100
1475,RN,SE,820,100
1426,RN,SE,820,100
1354,RN,SE,820,100
1760,RN,RO,4.25,100
1747,RN,RO,4.25,100
1618,RN,RO,4.25,100
1476,RN,RO,4.25,100
1427,RN,RO,4.25,100
1355,RN,RO,4.25,100
1739,RN,MS,3.535,100
1612,RN,MS,3.535,100
1466,RN,MS,3.535,100
1419,RN,MS,3.535,100
1347,RN,MS,3.535,100
1740,RN,MS,3.406,100
1613,RN,MS,3.406,100
1467,RN,MS,3.406,100
1420,RN,MS,3.406,100
1348,RN,MS,3.406,100
1735,RN,MT,3.379,100
1608,RN,MT,3.379,100
1461,RN,MT,3.379,100
1415,RN,MT,3.379,100
1342,RN,MT,3.379,100
1738,RN,MT,3.246,100
1610,RN,MT,3.246,100
1464,RN,MT,3.246,100
1417,RN,MT,3.246,100
1345,RN,MT,3.246,100
1761,RN,SP,3.138,100
1748,RN,SP,3.138,100
1620,RN,SP,3.138,100
1477,RN,SP,3.138,100
1428,RN,SP,3.138,100
1356,RN,SP,3.138,100
1611,RN,MT,3.08,100
1465,RN,MT,3.08,100
1418,RN,MT,3.08,100
1346,RN,MT,3.08,100
1730,RN,GO,2976,100
1604,RN,GO,2976,100
1456,RN,GO,2976,100
1410,RN,GO,2976,100
1339,RN,GO,2976,100
1743,RN,RJ,2569,100
1617,RN,RJ,2569,100
1470,RN,RJ,2569,100
1423,RN,RJ,2569,100
1351,RN,RJ,2569,100
1758,RN,RJ,2503,100
1745,RN,RJ,2503,100
1616,RN,RJ,2503,100
1474,RN,RJ,2503,100
1472,RN,RJ,2503,100
1425,RN,RJ,2503,100
1353,RN,RJ,2503,100
1734,RN,MG,2385,100
1606,RN,MG,2385,100
1460,RN,MG,2385,100
1414,RN,MG,2385,100
1341,RN,MG,2385,100
1732,RN,MA,1541,100
1605,RN,MA,1541,100
1458,RN,MA,1541,100
1412,RN,MA,1.541,100
332,MT,MS,1170,100
2345,MG,GO,676,24
2344,MG,MS,638,24
601,SP,SP,47,24
2003,SP,RS,1133,24.3
1983,SP,RS,1133,24.3
1843,RJ,SP,451,24.3
2205,SP,SP,658,24.8
2605,SP,RJ,387,24.8
2799,SP,RJ,387,24.8
2993,SP,RJ,387,24.8
330,GO,AC,2865,39
331,GO,RO,2264,39
628,SC,SP,855,4
324,SC,SP,782,4
1184,SP,MG,601,4
2201,MG,MG,572,4
1865,MG,MG,572,4
2600,MG,PR,505,4
2794,MG,PR,505,4
2988,MG,PR,505,4
1830,SP,MG,252,4
2424,MT,MT,214,4
592,SP,SP,144,4
1203,SP,SP,138,4
539,SP,CE,2887,4
507,SP,CE,2887,4
318,SP,CE,2887,4
303,SP,CE,2887,4
1310,BA,SP,1815,4
305,SP,DF,1171,4
2056,RS,SP,1068,4
819,SP,MS,996,4.3
737,SP,MS,996,4.3
655,SP,MS,996,4.3
908,SP,MG,661,4.5
877,SP,MG,661,4.5
795,SP,MG,661,4.5
713,SP,MG,661,4.5
179,SP,MG,661,4.5
1502,RJ,SP,389,4.5
1378,RJ,SP,389,4.5
168,RJ,SP,389,4.5
1626,SP,SP,113,4.5
1089,PA,SP,2803,4.5
1040,PA,SP,2803,4.5
2230,SP,MT,1924,4.5
1443,SP,MT,1924,4.5
1399,SP,MT,1924,4.5
1328,SP,MT,1924,4.5
550,SP,MT,1924,4.5
283,SP,MT,1924,4.5
162,SP,BA,1354,4.5
496,BA,RO,3817,4.6
2311,SP,ES,1213,4.6
2545,SP,PA,2326,4.8
